City_ID,City,Lat,Lng,Max Temp,Humidity,Cloudiness,Wind Speed,Country,Date
0,arraial do cabo,-22.9661,-42.0278,22.28,72,100,3.87,BR,1730084707
1,port-aux-francais,-49.35,70.2167,2.8,75,98,14.16,TF,1730084986
2,pisco,-13.7,-76.2167,17.23,88,20,4.12,PE,1730084987
3,petropavlovsk-kamchatsky,53.0452,158.6483,3.33,45,75,3.0,RU,1730084988
4,lebu,-37.6167,-73.65,9.55,94,1,7.27,CL,1730084855
5,kodiak,57.79,-152.4072,2.73,75,0,1.54,US,1730084990
6,salym,60.0625,71.4789,-0.05,88,98,1.84,RU,1730084992
7,puerto natales,-51.7236,-72.4875,7.05,90,100,8.35,CL,1730084993
8,afaahiti,-17.75,-149.2833,23.45,74,89,5.96,PF,1730084994
9,hawaiian paradise park,19.5933,-154.9731,23.26,97,75,2.06,US,1730084995
10,bucerias,20.75,-105.3333,25.99,69,0,1.54,MX,1730084996
11,waitangi,-43.9535,-176.5597,9.9,98,67,10.28,NZ,1730084997
12,tiksi,71.6872,128.8694,-14.78,94,100,2.21,RU,1730084999
13,tchintabaraden,15.8969,5.7985,25.32,19,2,4.14,NE,1730085000
14,papatowai,-46.5619,169.4708,8.84,85,95,4.97,NZ,1730085001
15,bilibino,68.0546,166.4372,-10.04,91,100,1.81,RU,1730085002
16,albany,42.6001,-73.9662,7.11,70,24,0.89,US,1730084408
17,cide,41.8921,33.0044,12.97,57,0,2.08,TR,1730085004
18,constantia,44.1833,28.65,7.61,81,37,4.5,RO,1730084918
19,isafjordur,66.0755,-23.124,-1.59,66,98,4.55,IS,1730085006
20,villa gesell,-37.2639,-56.973,15.48,75,97,7.21,AR,1730084770
21,susuman,62.7833,148.1667,-14.14,86,100,1.33,RU,1730085009
22,whitehorse,60.7161,-135.0538,-6.1,98,46,1.09,CA,1730085010
23,adamstown,-25.066,-130.1015,21.7,80,55,4.15,PN,1730085011
24,lodwar,3.1191,35.5973,29.23,47,85,6.68,KE,1730084804
25,port lincoln,-34.7333,135.8667,17.26,61,11,5.02,AU,1730085013
26,olonkinbyen,70.9221,-8.7187,-5.01,81,100,19.08,SJ,1730085014
27,blackmans bay,-43.0167,147.3167,16.52,46,69,2.68,AU,1730085015
28,buka,40.8108,69.1986,9.13,69,100,3.44,UZ,1730085016
29,erenhot,43.6475,111.9767,9.02,51,100,6.55,CN,1730085018
30,anadyr,64.75,177.4833,-3.72,85,40,9.0,RU,1730085019
31,lompoc,34.6391,-120.4579,16.5,87,75,6.71,US,1730085020
32,labrador city,52.9463,-66.9114,-2.68,81,100,31.29,CA,1730085021
33,constitucion,-35.3333,-72.4167,14.79,60,0,3.18,CL,1730085022
34,invercargill,-46.4,168.35,11.68,74,82,6.71,NZ,1730085023
35,puerto ayora,-0.7393,-90.3518,20.31,95,63,2.24,EC,1730085024
36,metlili chaamba,32.2667,3.6333,17.74,52,38,3.71,DZ,1730085025
37,keflavik,64.0049,-22.5624,2.24,87,75,5.14,IS,1730085026
38,andergrove,-21.0833,149.1833,25.4,60,83,5.12,AU,1730085028
39,mejit,10.2753,170.8646,28.68,75,17,2.42,MH,1730085029
40,yellowknife,62.456,-114.3525,-0.33,100,100,2.24,CA,1730085030
41,hermanus,-34.4187,19.2345,16.56,87,100,8.51,ZA,1730085031
42,gamay,12.3854,125.2979,29.96,67,100,4.44,PH,1730085032
43,massawa,15.6097,39.45,30.7,65,96,3.15,ER,1730084852
44,ketchikan,55.3422,-131.6461,6.99,87,0,2.06,US,1730085034
45,bethel,41.3712,-73.414,6.73,57,100,1.44,US,1730085035
46,edinburgh of the seven seas,-37.0676,-12.3116,15.98,91,100,17.26,SH,1730085037
47,el jadid,33.2549,-8.506,18.52,54,98,3.96,MA,1730085038
48,iqaluit,63.7506,-68.5145,-9.03,89,35,6.71,CA,1730085039
49,jamestown,42.097,-79.2353,6.8,78,0,1.54,US,1730085041
50,grytviken,-54.2811,-36.5092,-2.36,83,22,1.21,GS,1730085042
51,ribeira grande,38.5167,-28.7,17.65,83,15,2.68,PT,1730085043
52,longyearbyen,78.2186,15.6401,-2.09,100,40,0.0,SJ,1730085044
53,bandarbeyla,9.4942,50.8122,25.89,87,28,3.27,SO,1730085046
54,starotitarovskaya,45.2136,37.1439,8.26,67,10,0.54,RU,1730085048
55,sao gabriel da cachoeira,-0.1303,-67.0892,22.69,99,100,1.97,BR,1730084914
56,margaret river,-33.95,115.0667,20.94,48,0,2.88,AU,1730085050
57,remire-montjoly,4.9167,-52.2667,24.02,94,75,0.0,GF,1730085051
58,college,64.8569,-147.8028,-14.19,81,20,0.0,US,1730085048
59,ancud,-41.8697,-73.8203,7.86,85,1,1.79,CL,1730085053
60,dryden,49.7833,-92.7503,3.91,79,100,5.19,CA,1730085055
61,necochea,-38.5473,-58.7368,19.08,52,17,5.38,AR,1730084785
62,rongelap,11.1635,166.8941,28.67,77,71,2.9,MH,1730085057
63,san antonio de pale,-1.4014,5.6325,25.56,85,100,6.94,GQ,1730085058
64,rasht,37.2808,49.5832,10.4,87,31,1.53,IR,1730085059
65,smithers,54.7804,-127.1743,2.98,96,100,1.3,CA,1730085060
66,nagqu,31.5,92.0,3.45,15,0,2.46,CN,1730085062
67,haiku-pauwela,20.9219,-156.3051,27.34,73,40,8.49,US,1730085063
68,saipan,15.1355,145.701,31.39,74,75,4.63,MP,1730085064
69,port elizabeth,-33.918,25.5701,14.62,86,100,1.34,ZA,1730084967
70,murghob,38.1702,73.9667,-0.12,74,70,2.8,TJ,1730085066
71,vadso,70.0744,29.7487,7.09,87,100,8.23,NO,1730085067
72,tazovsky,67.4667,78.7,-3.07,97,100,3.47,RU,1730085069
73,bamboo flat,11.7,92.7167,29.05,79,40,3.6,IN,1730085070
74,touros,-5.1989,-35.4608,26.37,73,100,5.97,BR,1730085071
75,west island,-12.1568,96.8225,28.99,74,20,5.66,CC,1730085072
76,concepcion del oro,24.6333,-101.4167,13.38,37,0,2.74,MX,1730085073
77,saint-pol-de-leon,48.6833,-3.9833,10.92,86,100,0.89,FR,1730085074
78,ilulissat,69.2167,-51.1,-10.99,48,9,2.06,GL,1730084945
79,guaimaca,14.5333,-86.8167,19.32,99,100,0.93,HN,1730085076
80,hamilton,39.1834,-84.5333,9.47,67,0,0.89,US,1730085064
81,loa janan,-0.583,117.095,32.47,53,60,2.26,ID,1730085079
82,port mathurin,-19.6833,63.4167,23.89,76,0,6.67,MU,1730085080
83,tukrah,32.5341,20.5791,18.69,65,0,1.83,LY,1730085081
84,ushuaia,-54.8,-68.3,3.18,98,81,2.83,AR,1730085082
85,enewetak,11.3474,162.3373,28.6,77,64,4.46,MH,1730085083
86,kyzyl-suu,42.3414,78.0056,5.85,96,100,1.49,KG,1730085084
87,mili,6.0815,171.735,28.88,71,53,1.92,MH,1730085085
88,tromso,69.6496,18.957,6.01,75,75,12.35,NO,1730085087
89,masterton,-40.9597,175.6575,11.09,93,99,5.19,NZ,1730085089
90,kimbe,-5.5502,150.1429,32.09,59,71,2.09,PG,1730085090
91,puerto baquerizo moreno,-0.9,-89.6,20.09,81,74,4.32,EC,1730085007
92,santa ana,33.7456,-117.8678,20.5,81,75,1.54,US,1730085093
93,qarqaraly,49.4058,75.4742,2.84,73,68,10.42,KZ,1730085094
94,bredasdorp,-34.5322,20.0403,15.98,90,100,9.14,ZA,1730085096
95,tsiombe,-25.3,45.4833,23.77,87,88,2.84,MG,1730085097
96,molde,62.7375,7.1591,5.91,87,75,7.72,NO,1730085098
97,alofi,-19.0595,-169.9187,26.94,69,75,7.2,NU,1730085099
98,uzyn,49.8262,30.4149,11.16,53,100,2.35,UA,1730085100
99,pacific grove,36.6177,-121.9166,16.87,94,0,2.57,US,1730085101
100,valdivia,-39.8142,-73.2459,11.05,88,0,1.38,CL,1730085102
101,kourou,5.1552,-52.6478,26.08,74,18,4.38,GF,1730085103
102,goba,7.0167,39.9833,11.16,97,100,1.11,ET,1730085106
103,san juan de miraflores,-12.1629,-76.9635,17.32,83,82,3.94,PE,1730085107
104,semenyih,2.9516,101.843,29.54,91,15,3.48,MY,1730085108
105,ebon,4.582,168.6964,28.72,70,100,3.29,MH,1730085109
106,dauphin,51.1494,-100.0502,6.56,57,100,5.07,CA,1730084820
107,dudinka,69.4058,86.1778,-9.92,94,100,7.68,RU,1730085111
108,genhe,50.7833,121.5167,3.1,64,13,1.64,CN,1730085113
109,ilha de mocambique,-15.0342,40.7358,25.35,84,5,5.27,MZ,1730085114
110,cill airne,52.05,-9.5167,13.75,99,100,2.71,IE,1730085115
111,macau,22.2006,113.5461,27.62,69,20,9.26,MO,1730085116
112,fortuna,40.5982,-124.1573,11.1,94,0,0.0,US,1730085117
113,antofagasta,-23.65,-70.4,15.6,81,50,2.74,CL,1730084876
114,phitsanulok,16.9167,100.5,28.17,80,100,1.3,TH,1730085119
115,matsue,35.4722,133.0506,16.97,88,75,4.63,JP,1730085120
116,dieppe,49.75,1.1667,12.23,94,79,2.53,FR,1730085121
117,minas de marcona,-15.2119,-75.1103,13.13,84,13,3.94,PE,1730085123
118,port alfred,-33.5906,26.891,18.08,48,93,7.93,ZA,1730085124
119,namibe,-15.1961,12.1522,17.9,84,31,1.37,AO,1730085125
120,aasiaat,68.7098,-52.8699,-13.34,76,16,3.86,GL,1730084830
121,hwange,-18.3693,26.5019,25.39,48,98,1.78,ZW,1730084987
122,el nido,11.1858,119.3956,31.19,79,79,6.02,PH,1730085128
123,usogorsk,63.4106,48.6872,0.05,89,16,1.8,RU,1730085129
124,gorontalo,0.5412,123.0595,32.48,54,93,3.97,ID,1730085069
125,hot springs village,34.6655,-93.01,16.93,89,0,1.3,US,1730085132
126,thompson,55.7435,-97.8558,-1.29,55,100,5.69,CA,1730085133
127,oyama,36.3,139.8,19.81,77,98,1.63,JP,1730085134
128,ipatovo,45.7181,42.9036,4.08,62,8,2.14,RU,1730085135
129,tadine,-21.55,167.8833,24.08,65,82,5.1,NC,1730085136
130,kurchatov,51.6601,35.6521,5.35,84,83,1.67,RU,1730085137
131,joypur hat,25.0943,89.0217,26.75,77,0,2.42,BD,1730084973
132,badiyah,22.45,58.8,26.02,32,0,1.3,OM,1730085139
133,mendoza,-32.8908,-68.8272,22.74,40,0,1.54,AR,1730084342
134,nadi,-17.8,177.4167,29.0,70,40,5.66,FJ,1730085142
135,shanwei,22.782,115.3475,26.48,64,50,2.94,CN,1730085143
136,lazaro cardenas,17.9583,-102.2,26.68,79,0,1.27,MX,1730085144
137,okha,53.5739,142.9478,0.13,67,81,3.84,RU,1730085145
138,udachny,66.4167,112.4,-17.06,95,93,1.52,RU,1730085146
139,lihue,21.9789,-159.3672,25.77,85,75,4.63,US,1730085147
140,yola,9.2,12.4833,23.56,47,12,0.2,NG,1730085148
141,lagos,6.5833,3.75,24.83,91,100,0.94,NG,1730084927
142,brisas de zicatela,15.8369,-97.0419,25.86,77,13,2.33,MX,1730085151
143,sandnessjoen,66.0217,12.6316,7.12,64,100,11.55,NO,1730085152
144,mumbwa,-14.9783,27.0619,19.3,82,100,4.67,ZM,1730085153
145,olonets,60.9847,32.9698,6.52,90,100,5.1,RU,1730085154
146,south molton,51.0167,-3.8333,12.07,96,80,4.2,GB,1730085155
147,murashi,59.3999,48.9615,2.25,93,99,0.46,RU,1730085156
148,barreiras,-12.1528,-44.99,25.34,44,49,1.41,BR,1730085157
149,badger,64.8,-147.5333,-14.24,85,20,0.0,US,1730085159
150,caleta de carquin,-11.0925,-77.6267,17.56,85,64,4.13,PE,1730085160
151,shixing,24.9482,114.0657,21.99,73,89,1.83,CN,1730085161
152,ingeniero guillermo n. juarez,-23.9,-61.85,21.37,29,4,3.16,AR,1730085162
153,fale old settlement,-9.3852,-171.2468,27.81,76,100,6.52,TK,1730085163
154,codrington,-38.2667,141.9667,15.01,57,70,5.69,AU,1730085164
155,weno,7.4515,151.8468,29.23,71,90,3.36,FM,1730085165
156,conception bay south,47.4999,-52.9981,4.4,90,77,6.87,CA,1730085166
157,qaqortoq,60.7167,-46.0333,0.26,99,100,3.07,GL,1730085167
158,kununurra,-15.7667,128.7333,36.99,39,20,3.6,AU,1730085121
159,pampa,35.5362,-100.9599,20.02,56,0,5.66,US,1730085170
160,heber city,40.5069,-111.4132,15.36,37,70,1.8,US,1730085171
161,sabathu,30.9719,76.9933,19.37,72,5,0.0,IN,1730085172
162,xindian,36.7975,118.2944,14.95,47,41,1.32,CN,1730085173
163,semnan,35.5729,53.3971,9.3,56,2,0.31,IR,1730085174
164,ibarreta,-25.2144,-59.8585,18.14,39,0,2.54,AR,1730085176
165,crane,31.3974,-102.3501,24.1,32,0,9.65,US,1730085179
166,puerto armuelles,8.2833,-82.8667,27.83,75,100,0.45,PA,1730085180
167,leskovac,42.9981,21.9461,11.68,64,53,0.94,RS,1730085181
168,avarua,-21.2078,-159.775,24.03,60,20,3.6,CK,1730085182
169,as sanad,34.4628,9.264,16.92,96,100,4.18,TN,1730085183
170,kismayo,-0.3582,42.5454,25.5,76,100,5.0,SO,1730085184
171,loiza,18.4313,-65.8802,27.99,87,20,0.0,PR,1730085186
172,kalajoki,64.25,23.95,6.06,79,100,7.11,FI,1730085187
173,binh long,11.6512,106.6071,23.01,96,100,1.49,VN,1730085188
174,akureyri,65.6835,-18.0878,-5.92,81,32,3.11,IS,1730085189
175,bubaque,11.2833,-15.8333,27.66,79,51,5.1,GW,1730085190
176,santa maria,-29.6842,-53.8069,12.96,76,0,2.73,BR,1730085181
177,hithadhoo,-0.6,73.0833,27.93,76,100,5.41,MV,1730085680
178,kaifeng,34.7911,114.3483,18.41,44,0,0.85,CN,1730085681
179,nemuro,43.3236,145.575,11.41,77,49,11.09,JP,1730085682
180,vernon,50.2581,-119.2691,10.52,65,91,3.09,CA,1730085683
181,bo phloi,14.3236,99.5161,29.15,76,99,1.21,TH,1730085684
182,tura,25.5198,90.2201,26.68,67,0,0.46,IN,1730085686
183,henderson,36.0397,-114.9819,27.55,12,0,4.12,US,1730085687
184,korla,41.7597,86.1469,13.46,32,65,4.54,CN,1730085688
185,salekhard,66.53,66.6019,-4.84,89,67,3.31,RU,1730085690
186,banjar,-8.19,114.9675,34.53,48,77,2.98,ID,1730085691
187,cidreira,-30.1811,-50.2056,18.78,69,0,7.0,BR,1730085692
188,cuyo,10.8525,121.0086,28.22,81,69,7.88,PH,1730085693
189,garoowe,8.4054,48.4845,23.61,77,74,2.86,SO,1730085695
190,louisville,38.2542,-85.7594,10.54,66,0,1.44,US,1730085430
191,newman,37.3138,-121.0208,19.46,69,100,2.24,US,1730085697
192,ust-nera,64.5667,143.2,-16.54,94,89,2.12,RU,1730085698
193,carnarvon,-24.8667,113.6333,29.31,44,0,5.2,AU,1730085699
194,atafu village,-8.5421,-172.5159,27.84,74,100,5.32,TK,1730085701
195,shingu,33.7333,135.9833,23.61,64,100,1.37,JP,1730085702
196,cartagena del chaira,1.3349,-74.8429,22.86,99,100,0.96,CO,1730085703
197,ocean city,39.2776,-74.5746,8.89,72,7,0.45,US,1730085671
198,st. john's,47.5649,-52.7093,4.53,91,75,4.12,CA,1730085706
199,portland,45.5234,-122.6762,10.9,93,53,2.24,US,1730085466
200,tolanaro,-25.0319,46.9987,24.04,94,20,8.23,MG,1730085708
201,coahuayana de hidalgo,18.7,-103.6583,25.39,83,0,1.34,MX,1730085709
202,mendefera,14.8872,38.8153,16.18,84,42,2.53,ER,1730085710
203,vorgashor,67.5833,63.95,-1.19,88,100,2.82,RU,1730085712
204,silver city,32.7701,-108.2803,20.38,32,13,1.34,US,1730085714
205,east london,-33.0153,27.9116,16.52,44,0,5.14,ZA,1730085619
206,bridgetown,13.1,-59.6167,28.27,83,40,4.12,BB,1730085717
207,el calafate,-50.3408,-72.2768,6.47,87,41,8.86,AR,1730085718
208,klyuchi,52.2667,79.1667,7.22,69,100,5.77,RU,1730085719
209,errachidia,31.9275,-4.4285,12.03,82,70,6.17,MA,1730085720
210,arteche,12.2645,125.4048,29.96,67,100,5.13,PH,1730085721
211,cicero dantas,-10.6,-38.3833,21.08,89,34,4.5,BR,1730085723
212,pyhajarvi,67.0701,27.2176,7.47,93,100,5.24,FI,1730085724
213,sosnovoborsk,56.1325,93.3589,5.37,79,100,3.9,RU,1730085637
214,wailua homesteads,22.0669,-159.378,25.44,88,75,4.63,US,1730085726
215,saudarkrokur,65.7461,-19.6394,-4.52,83,76,5.83,IS,1730085727
216,noumea,-22.2763,166.4572,24.55,62,0,9.81,NC,1730085728
217,guerrero negro,27.9769,-114.0611,18.52,85,0,4.34,MX,1730085730
218,klaksvik,62.2266,-6.589,5.53,63,97,4.05,FO,1730085732
219,gadzhiyevo,69.2551,33.3362,6.22,88,100,9.79,RU,1730085733
220,i-n-salah,27.1935,2.4607,25.27,25,67,3.87,DZ,1730085734
221,paka,4.6374,103.4368,31.96,62,20,0.0,MY,1730085735
222,georgetown,5.4112,100.3354,28.96,82,40,2.57,MY,1730085201
223,stanley,54.868,-1.6985,12.01,93,40,2.06,GB,1730085737
224,chrysoupolis,40.9856,24.6939,14.38,39,2,1.55,GR,1730085739
225,gizo,-8.103,156.8419,28.82,74,96,3.0,SB,1730085740
226,naze,28.3667,129.4833,28.51,75,17,4.34,JP,1730085741
227,polyarnyy,69.1989,33.4478,6.26,88,100,10.57,RU,1730085742
228,yoshkar-ola,56.6388,47.8908,3.68,90,100,1.35,RU,1730085743
229,porto novo,6.4965,2.6036,26.9,90,90,1.54,BJ,1730085745
230,greymouth,-42.4667,171.2,13.59,64,47,4.4,NZ,1730085746
231,vereshchagino,58.0789,54.6557,1.04,84,100,1.52,RU,1730085748
232,mosjoen,65.836,13.1908,4.29,81,75,3.6,NO,1730085749
233,ambon,-3.6954,128.1814,31.08,66,40,2.06,ID,1730085563
234,sitka,57.0531,-135.33,8.94,71,40,3.6,US,1730085751
235,winnemucca,40.973,-117.7357,14.03,41,0,2.06,US,1730085752
236,selfoss,63.9331,-20.9971,-1.09,89,100,2.99,IS,1730085753
237,francistown,-21.17,27.5079,24.94,41,2,4.57,BW,1730085754
238,whitecourt,54.1502,-115.6855,2.58,87,75,4.63,CA,1730085738
239,pavlovsk,50.4578,40.1081,5.27,82,81,2.19,RU,1730085757
240,inari,68.906,27.0288,7.01,91,100,4.49,FI,1730085758
241,kirakira,-10.4544,161.9205,29.58,71,89,4.06,SB,1730085759
242,kill devil hills,36.0307,-75.676,15.55,66,0,2.57,US,1730085760
243,fort bragg,35.139,-79.006,12.5,89,0,1.54,US,1730085761
244,talnakh,69.4865,88.3972,-10.78,95,100,4.98,RU,1730085762
245,yantarnyy,54.8717,19.9381,10.59,71,34,8.87,RU,1730085763
246,aguilares,-27.4338,-65.6143,18.94,55,0,1.91,AR,1730085470
247,minas de matahambre,22.5887,-83.9447,22.58,75,100,3.53,CU,1730085767
248,san rafael,-34.6177,-68.3301,22.01,38,0,3.71,AR,1730085768
249,princeville,45.7668,-61.2985,3.08,64,20,3.09,CA,1730085769
250,chernyshevskiy,63.0128,112.4714,-9.43,91,90,1.75,RU,1730085770
251,tazacorte,28.629,-17.9293,19.54,78,75,6.69,ES,1730085771
252,oroqen zizhiqi,50.5667,123.7167,5.01,53,3,1.01,CN,1730085772
253,laojunmiao,39.8333,97.7333,9.64,26,0,3.76,CN,1730085773
254,garagoa,5.0824,-73.3633,16.48,96,100,0.64,CO,1730085775
255,acapulco de juarez,16.8634,-99.8901,27.9,83,40,1.03,MX,1730085771
256,barcelos,41.5388,-8.6151,9.95,83,0,2.25,PT,1730085687
257,kingaroy,-26.5333,151.8333,21.39,60,100,3.11,AU,1730085778
258,holualoa,19.6228,-155.9522,23.91,95,75,6.17,US,1730085779
259,paracuru,-3.41,-39.0306,25.94,79,3,5.76,BR,1730085780
260,westport,41.1415,-73.3579,8.26,52,0,0.45,US,1730085627
261,shendi,16.6915,33.4341,26.72,17,0,3.92,SD,1730085782
262,kruisfontein,-34.0033,24.7314,13.07,87,99,3.09,ZA,1730085784
263,cockburn town,21.4612,-71.1419,28.1,74,59,10.42,TC,1730085785
264,nakamura,32.9833,132.9333,22.94,77,89,0.92,JP,1730085786
265,atherton,53.5237,-2.4935,13.03,97,100,4.86,GB,1730085787
266,trairi,-3.2778,-39.2689,25.73,78,4,5.2,BR,1730085614
267,divnomorskoye,44.5011,38.1353,10.7,76,17,1.59,RU,1730085789
268,illizi,26.4833,8.4667,26.16,19,16,3.35,DZ,1730085790
269,luderitz,-26.6481,15.1594,12.4,74,49,5.23,NA,1730085791
270,caapora,-7.5156,-34.9083,25.53,75,97,4.81,BR,1730085792
271,kingston,17.997,-76.7936,28.53,79,20,4.63,JM,1730085411
272,tual,-5.6667,132.75,24.75,90,94,2.82,ID,1730085795
273,nova sintra,14.8667,-24.7167,25.93,76,90,10.01,CV,1730085796
274,bokajan,26.0167,93.7833,26.09,100,75,2.06,IN,1730085797
275,saskatoon,52.1168,-106.6345,10.09,46,40,2.57,CA,1730085583
276,kargasok,59.0556,80.8572,1.32,94,93,1.87,RU,1730085799
277,eraan,9.0629,117.7016,30.61,65,68,4.6,PH,1730085508
278,nantucket,41.2835,-70.0995,9.06,43,0,6.83,US,1730085801
279,sitia,35.2,26.0986,17.4,75,7,3.56,GR,1730085802
280,geraldton,-28.7667,114.6,32.23,13,0,6.69,AU,1730085557
281,punta arenas,-53.15,-70.9167,8.06,81,75,12.35,CL,1730085178
282,boa vista,2.8197,-60.6733,28.99,58,0,2.57,BR,1730085665
283,la passe,45.5549,-0.8967,12.53,89,0,1.62,FR,1730085807
284,abalak,58.1286,68.5944,0.07,86,99,1.08,RU,1730085808
285,faqirwali,29.4663,73.034,28.07,30,5,3.97,PK,1730085809
286,la trinite,14.7376,-60.9629,26.03,94,75,1.54,MQ,1730085810
287,altay,47.8667,88.1167,6.81,54,66,1.41,CN,1730085762
288,iskateley,67.6803,53.1512,-0.64,90,28,5.65,RU,1730085813
289,pacasmayo,-7.4006,-79.5714,17.89,83,92,4.12,PE,1730085814
290,itoman,26.1247,127.6694,30.61,70,20,7.72,JP,1730085815
291,laurentides,46.4334,-74.9826,-3.09,53,5,0.96,CA,1730085816
292,kitui,-1.367,38.0106,18.85,87,100,1.47,KE,1730085817
293,rosarito,32.3333,-117.0333,18.41,84,91,0.56,MX,1730085818
294,yarmouth,41.7057,-70.2286,8.32,50,0,2.06,US,1730085805
295,fortaleza,-3.7227,-38.5247,27.07,78,75,7.72,BR,1730085746
296,okhotsk,59.3833,143.3,-6.9,63,100,5.88,RU,1730085821
297,nuuk,64.1835,-51.7216,-2.66,80,40,2.57,GL,1730085823
298,las tablas,7.7667,-80.2833,25.65,99,100,2.43,PA,1730085791
299,canon city,38.441,-105.2424,15.41,27,89,3.38,US,1730085607
300,olinda,-8.0089,-34.8553,26.85,78,75,5.66,BR,1730085693
301,ridder,50.355,83.5133,5.61,91,100,2.98,KZ,1730085827
302,skopin,53.8249,39.5505,7.14,85,100,1.94,RU,1730085830
303,horta,38.5333,-28.6333,17.79,82,20,2.24,PT,1730085833
304,bandar,2.05,99.75,31.49,51,16,0.76,ID,1730085834
305,upington,-28.4478,21.2561,7.21,61,0,2.06,ZA,1730085835
306,bowen,-20.0167,148.2333,26.41,64,4,6.93,AU,1730085836
307,kasumkent,41.6773,48.146,4.65,70,0,1.51,RU,1730085838
308,kailua-kona,19.6406,-155.9956,25.98,91,75,6.17,US,1730085621
309,zyryanovsk,49.7386,84.2719,5.84,84,100,0.58,KZ,1730085840
310,copala,16.65,-98.9833,25.9,78,28,1.5,MX,1730085841
311,robertsport,6.7533,-11.3686,26.03,85,2,3.65,LR,1730085842
312,gijang,35.2442,129.2139,17.85,73,100,6.46,KR,1730085843
313,al kharijah,25.4514,30.5464,17.23,48,0,3.45,EG,1730085844
314,hammerfest,70.6634,23.6821,5.25,93,20,3.09,NO,1730085845
315,nanzhang chengguanzhen,31.7839,111.8275,21.24,46,0,1.85,CN,1730085847
316,howrah,22.5892,88.3103,30.0,79,40,0.0,IN,1730085848
317,havre,49.5833,0.3333,12.87,88,75,2.57,FR,1730085849
318,labasa,-16.4167,179.3833,27.37,69,100,2.93,FJ,1730085850
319,uturoa,-16.7333,-151.4333,25.25,72,22,5.54,PF,1730085853
320,novodvinsk,64.4165,40.8122,1.86,93,100,3.95,RU,1730085854
321,kerikeri,-35.2268,173.9474,18.52,41,14,4.84,NZ,1730085855
322,usinsk,65.9939,57.5281,-1.66,90,55,3.15,RU,1730085856
323,nha trang,12.25,109.1833,28.0,67,100,1.16,VN,1730085793
324,sandpoint,48.2766,-116.5533,9.45,77,75,2.06,US,1730085629
325,xilin hot,43.9667,116.0333,8.21,45,100,4.08,CN,1730085859
326,isangel,-19.55,169.2667,28.06,78,75,2.57,VU,1730085861
327,happy valley-goose bay,53.3168,-60.3315,0.17,93,75,4.12,CA,1730085863
328,howard springs,-12.497,131.047,32.95,66,21,1.9,AU,1730085864
329,sainte-anne-des-monts,49.124,-66.4924,2.93,70,100,11.83,CA,1730085865
330,chardara,41.2547,67.9692,10.04,50,97,2.5,KZ,1730085866
331,sarh,9.1429,18.3923,22.81,60,46,1.16,TD,1730085867
332,igarka,67.4667,86.5833,-9.62,95,100,5.44,RU,1730085868
333,ambodifotatra,-16.9833,49.85,25.03,88,75,0.0,MG,1730085870
334,homer,59.6425,-151.5483,1.94,65,0,3.09,US,1730085871
335,toliara,-23.35,43.6667,24.12,59,93,2.29,MG,1730085872
336,alotau,-10.3069,150.4462,31.01,61,82,2.55,PG,1730085873
337,carolina beach,34.0352,-77.8936,13.35,93,100,5.85,US,1730085874
338,mongoumba,3.6415,18.5936,21.3,98,99,1.16,CF,1730085875
339,salaya,22.3167,69.6,28.68,70,49,4.08,IN,1730085876
340,san andres,12.5847,-81.7006,29.01,84,20,5.66,CO,1730085877
341,barano d'ischia,40.718,13.9309,17.33,92,99,0.89,IT,1730085878
342,tamanrasset,22.785,5.5228,18.95,24,0,2.57,DZ,1730085880
343,thinadhoo,0.5333,72.9333,28.05,71,72,5.06,MV,1730085881
344,half moon,34.826,-77.4594,13.14,97,100,4.12,US,1730085882
345,la sarre,48.8002,-79.1996,-4.23,75,9,1.54,CA,1730085883
346,cururupu,-1.8283,-44.8683,23.12,91,15,0.91,BR,1730085884
347,qala i naw,34.9874,63.1289,8.59,76,100,2.94,AF,1730085885
348,colonia,50.9333,6.95,14.98,92,100,1.54,DE,1730085886
349,sabha,27.0377,14.4283,18.82,34,65,4.64,LY,1730085889
350,atyrau,47.1167,51.8833,4.01,81,75,3.0,KZ,1730085890
351,yuzhno-kurilsk,44.0306,145.8556,9.64,86,99,10.38,RU,1730085891
352,sao jose da coroa grande,-8.8978,-35.1478,25.95,77,96,5.76,BR,1730085892
353,tannum sands,-23.9504,151.3693,26.94,41,20,4.63,AU,1730085893
354,al hamul,31.3115,31.1477,20.05,63,0,3.56,EG,1730085894
355,havlickuv brod,49.6078,15.5807,10.95,88,100,0.88,CZ,1730085895
356,kinel',53.2333,50.65,3.77,85,100,1.24,RU,1730085896
357,peace river,56.2501,-117.286,-3.83,93,75,2.06,CA,1730085898
358,hadibu,12.65,54.0333,26.29,78,40,2.76,YE,1730085899
359,bodo,67.28,14.405,5.43,90,75,11.32,NO,1730085900
360,big bend,-26.8167,31.9333,21.99,80,20,1.52,SZ,1730085742
361,darhan,49.4867,105.9228,4.95,67,100,1.89,MN,1730085902
362,svatove,49.4103,38.1503,5.4,84,100,3.04,UA,1730085903
363,ola,59.5833,151.2833,-7.2,49,25,5.08,RU,1730085904
364,singkil,-7.9855,111.4161,34.1,38,33,2.6,ID,1730085905
365,aykhal,66.0,111.5,-17.5,97,92,2.01,RU,1730085907
366,kristiansund,63.1115,7.732,6.74,70,75,9.77,NO,1730085908
367,taoudenni,22.6783,-3.9836,23.9,26,14,3.6,ML,1730085673
368,santiago de cao,-7.9589,-79.2392,17.07,88,75,3.09,PE,1730085910
369,la asuncion,11.0333,-63.8628,27.85,89,71,4.63,VE,1730085911
370,santa rosa del sur,7.9644,-74.0544,23.08,93,100,1.83,CO,1730085912
371,severo-yeniseyskiy,60.3725,93.0408,-2.35,96,96,0.63,RU,1730085913
372,emerald,-23.5333,148.1667,27.29,39,93,6.28,AU,1730085719
373,fisterra,42.9049,-9.2629,15.27,80,76,9.16,ES,1730085916
374,sweetwater,25.7634,-80.3731,25.01,72,75,3.09,US,1730085917
375,soio,-6.1349,12.3689,24.89,87,100,5.36,AO,1730085918
376,piton saint-leu,-21.2196,55.3151,24.67,65,0,1.03,RE,1730085919
377,kzyltu,53.6364,72.3414,2.85,96,100,9.01,KZ,1730085920
378,kirensk,57.7853,108.1119,0.13,93,98,2.01,RU,1730085921
379,qarauyl,48.9451,79.255,8.78,72,100,9.42,KZ,1730085922
380,urbana,40.1106,-88.2073,8.39,61,0,3.09,US,1730085923
381,kudahuvadhoo,2.6708,72.8944,28.24,69,100,6.83,MV,1730085925
382,higuera de zaragoza,25.95,-109.2833,25.65,69,68,0.77,MX,1730085926
383,mon,26.75,95.1,24.26,72,1,1.18,IN,1730085927
384,konibodom,40.2843,70.4426,10.17,74,99,10.84,TJ,1730085928
385,kazerun,29.6195,51.6541,18.05,52,0,1.33,IR,1730085929
386,utrik,11.2278,169.8474,28.47,76,100,3.24,MH,1730085930
387,tilisarao,-32.7329,-65.2911,17.7,47,0,3.89,AR,1730085931
388,kone,-21.0595,164.8658,29.22,47,48,2.42,NC,1730085932
389,nizhneudinsk,54.9076,99.0276,6.08,84,100,0.8,RU,1730085933
390,alice springs,-23.7,133.8833,32.75,12,0,8.75,AU,1730085935
391,rexburg,43.826,-111.7897,10.99,43,0,3.6,US,1730085936
392,midvagur,62.0511,-7.1939,5.46,81,100,0.0,FO,1730085937
393,taltal,-25.4,-70.4833,16.66,79,27,1.47,CL,1730085938
394,inhambane,-23.865,35.3833,24.51,92,98,6.24,MZ,1730085939
395,nova vicosa,-17.8919,-39.3719,24.29,84,86,1.77,BR,1730085940
396,wau,7.7029,27.9953,22.74,69,100,0.31,SS,1730085941
397,enshi,30.3,109.4833,19.83,56,1,0.6,CN,1730085942
398,huarmey,-10.0681,-78.1522,18.11,84,67,3.82,PE,1730085944
399,carrigaline,51.8117,-8.3986,14.86,94,75,5.14,IE,1730085945
400,xinyu,27.8043,114.9334,19.34,71,100,2.01,CN,1730085946
401,kerman,30.2832,57.0788,7.92,57,40,0.0,IR,1730085949
402,san pedro pochutla,15.7333,-96.4667,26.51,88,74,1.31,MX,1730085950
403,amos,48.5669,-78.1162,-5.2,78,0,1.11,CA,1730085951
404,outjo,-20.1167,16.15,8.83,66,1,2.66,NA,1730085953
405,vryburg,-26.9566,24.7284,7.23,51,3,2.76,ZA,1730085954
406,ouarzazat,30.9189,-6.8934,15.16,41,0,1.03,MA,1730085955
407,zeya,53.75,127.2667,0.11,64,59,0.97,RU,1730085956
408,argo,37.6333,22.7333,14.43,51,0,1.87,GR,1730085957
409,shinas,24.7433,56.4658,27.94,67,0,4.73,OM,1730085958
410,al jawf,29.5,38.75,16.12,78,0,3.71,SA,1730085959
411,oxapampa,-10.5775,-75.4017,15.06,97,97,0.99,PE,1730085793
412,aswan,24.0934,32.907,20.51,28,5,4.03,EG,1730085962
413,pimenta bueno,-11.6725,-61.1936,24.33,85,100,1.33,BR,1730085963
414,kolonia town,6.964,158.206,34.0,66,40,3.09,FM,1730085965
415,san juan de uraba,8.7592,-76.5297,26.1,90,100,3.77,CO,1730085966
416,stung treng,13.5259,105.9683,21.97,97,100,1.73,KH,1730085967
417,sao joao da barra,-21.6403,-41.0511,22.47,74,100,5.33,BR,1730085968
418,hanceville,34.0607,-86.7675,19.56,88,0,2.37,US,1730085970
419,richards bay,-28.783,32.0377,19.88,86,83,3.69,ZA,1730085739
420,alesund,62.4723,6.1549,6.85,87,75,5.14,NO,1730085972
421,orsa,54.5153,30.4053,5.1,92,82,2.88,BY,1730085973
422,ulladulla,-35.35,150.4667,17.85,60,53,5.25,AU,1730085692
423,arcos,-20.2819,-45.5394,20.02,93,100,3.12,BR,1730085976
424,cabo san lucas,22.8909,-109.9124,28.17,61,0,3.6,MX,1730085977
425,vilyuchinsk,52.9306,158.4028,4.15,58,47,1.43,RU,1730085978
426,simpang,-1.2667,104.0833,33.9,48,0,1.81,ID,1730085979
427,brookings,44.3114,-96.7984,11.21,51,0,4.63,US,1730085980
428,salalah,17.0151,54.0924,24.05,69,0,2.06,OM,1730085809
429,beira,-19.8436,34.8389,24.05,73,75,1.54,MZ,1730085982
430,redencao,-4.2258,-38.7306,23.43,87,36,1.41,BR,1730085983
431,kyzylorda,44.8528,65.5092,3.01,93,75,5.0,KZ,1730085985
432,pawayan,28.0667,80.1,26.05,61,0,0.83,IN,1730085986
433,tortoli,39.9256,9.6572,18.97,96,100,0.92,IT,1730085987
434,puerto ayacucho,5.6639,-67.6236,26.04,88,88,1.73,VE,1730085988
435,hashtrud,37.4779,47.0508,1.92,86,0,1.41,IR,1730085989
436,broken hill,-31.95,141.4333,24.55,14,0,7.03,AU,1730085990
437,marshall,34.3834,-86.3333,17.86,85,0,3.09,US,1730085799
438,al bawiti,28.3492,28.8659,16.35,77,0,3.84,EG,1730085992
439,parnu,58.3859,24.4971,9.05,87,40,4.12,EE,1730085994
440,hukumati azrah,34.1736,69.6457,8.77,40,36,1.56,AF,1730085995
441,hovd,48.0056,91.6419,4.88,48,100,0.88,MN,1730085996
442,puquio,-14.7,-74.1333,10.38,46,53,0.77,PE,1730085793
443,labytnangi,66.6572,66.4183,-4.39,88,80,3.47,RU,1730085730
444,saint-philippe,-21.3585,55.7679,24.74,83,43,3.08,RE,1730085999
445,nuku'alofa,-21.1333,-175.2,27.19,83,40,3.09,TO,1730086000
446,vytegra,61.0064,36.4481,3.85,93,10,5.03,RU,1730086001
447,fort st. john,56.2499,-120.8529,-0.06,93,100,2.57,CA,1730086003
448,maceio,-9.6658,-35.7353,24.69,88,75,2.06,BR,1730085904
449,kentau,43.5206,68.5094,4.77,66,91,3.44,KZ,1730086005
450,luau,-10.7073,22.2247,18.01,87,100,1.35,AO,1730086006
451,mirnyy,62.5353,113.9611,-6.68,92,94,2.64,RU,1730086007
452,katsuren-haebaru,26.3369,127.8719,30.43,64,40,4.63,JP,1730086008
453,oranjemund,-28.55,16.4333,13.3,69,72,1.07,NA,1730086009
454,inyonga,-6.7167,32.0667,18.94,84,96,0.81,TZ,1730086010
455,libreville,0.3925,9.4537,24.01,94,75,3.09,GA,1730086012
456,balkh,36.75,67.0,14.53,56,100,4.94,AF,1730086013
457,yemetsk,63.4721,41.7941,-0.24,93,68,3.37,RU,1730086014
458,raja,8.4596,25.678,21.14,52,64,0.84,SS,1730086015
459,hasaki,35.7333,140.8333,19.04,87,100,7.39,JP,1730086016
460,berdigestyakh,62.0989,126.6992,-13.77,86,41,1.09,RU,1730086017
461,kani keli,-12.9536,45.1033,27.59,78,3,2.78,YT,1730086018
462,mahina,-17.5065,-149.489,27.87,61,40,2.06,PF,1730086019
463,shelekhov,52.2139,104.1,3.21,67,66,0.37,RU,1730086021
464,villa ojo de agua,-29.5,-63.6938,15.97,50,0,3.0,AR,1730086022
465,lambarene,-0.7001,10.2406,23.7,99,100,1.1,GA,1730086023
466,praia da vitoria,38.7333,-27.0667,18.14,72,75,3.31,PT,1730085854
467,altai,46.3722,96.2583,2.32,49,28,0.57,MN,1730086025
468,kapa'a,22.0752,-159.319,26.18,88,75,4.63,US,1730086026
469,likhoslavl',57.1275,35.464,3.01,96,10,2.31,RU,1730086027
470,rawlins,41.7911,-107.2387,14.08,24,0,6.17,US,1730086028
471,bathsheba,13.2167,-59.5167,28.34,83,40,4.12,BB,1730086030
472,muisne,0.6,-80.0333,23.91,87,100,3.99,EC,1730086031
473,palu,-0.8917,119.8707,33.37,57,50,1.01,ID,1730086032
474,juan griego,11.0817,-63.9655,28.07,89,73,4.63,VE,1730086033
475,oriximina,-1.7656,-55.8661,27.8,46,100,1.41,BR,1730086034
476,sake,-1.5736,29.045,16.44,95,91,0.22,CD,1730086035
477,saguenay,48.4168,-71.0657,-0.54,64,100,5.66,CA,1730086036
478,pirallahi,40.4723,50.333,9.08,62,94,4.03,AZ,1730086037
479,nanping,26.645,118.1736,19.46,90,100,1.75,CN,1730086040
480,puerto deseado,-47.7503,-65.8938,12.79,39,39,4.64,AR,1730085994
481,miyazaki,31.9111,131.4239,20.97,88,75,4.63,JP,1730086042
482,nadbai,27.2333,77.2,26.26,43,6,2.36,IN,1730086043
483,pitanga,-24.7572,-51.7614,15.89,90,95,3.21,BR,1730086044
484,muravlenko,63.7898,74.523,-2.96,98,100,3.03,RU,1730086045
485,vila franca do campo,37.7167,-25.4333,18.27,99,75,2.6,PT,1730086046
486,qamdo,31.1667,97.2333,6.7,39,1,2.14,CN,1730086048
487,bikenibeu village,1.3673,173.1241,30.98,66,20,5.14,KI,1730086049
488,dwarka,22.2394,68.9678,29.38,68,67,4.41,IN,1730086050
489,tralee,52.2704,-9.7026,14.07,98,100,4.08,IE,1730086051
490,kalmunai,7.4167,81.8167,28.06,78,14,1.1,LK,1730086052
491,manicore,-5.8092,-61.3003,24.13,91,100,1.2,BR,1730086053
492,callao,-12.0667,-77.15,18.18,77,0,4.63,PE,1730085867
493,island harbour,50.724,-1.2758,13.34,69,100,1.79,GB,1730086055
494,grand gaube,-20.0064,57.6608,24.65,90,13,0.45,MU,1730086056
495,matthew town,20.95,-73.6667,27.66,76,77,9.56,BS,1730086058
496,vorkuta,67.5,64.0,-1.09,88,100,2.62,RU,1730086059
497,yeed,4.55,43.0333,26.04,71,85,2.33,SO,1730086060
498,colares,38.7992,-9.4469,13.27,73,0,4.84,PT,1730086062
499,tari,-11.1105,14.3559,18.31,94,66,0.15,AO,1730086063
500,santo domingo petapa,16.8181,-95.1403,21.53,83,78,5.34,MX,1730086065
501,mar del plata,-38.0023,-57.5575,17.19,84,0,4.92,AR,1730086035
502,christchurch,-43.5333,172.6333,18.01,67,60,6.69,NZ,1730085954
503,nogliki,51.8333,143.1667,3.76,50,21,5.14,RU,1730086068
504,dedougou,12.4667,-3.4667,25.72,44,5,2.82,BF,1730086069
505,maisi,43.0395,41.2621,4.08,67,0,2.87,GE,1730086070
506,lospalos,-8.5186,127.0025,29.92,54,100,5.81,TL,1730086071
507,san juan,-31.5375,-68.5364,23.99,29,0,2.48,AR,1730085888
508,zheleznodorozhnyy,55.7503,38.0042,5.75,88,99,2.37,RU,1730086074
509,le vauclin,14.5452,-60.8388,26.03,94,75,1.54,MQ,1730086075
510,tiquipaya,-17.3382,-66.2189,18.4,51,75,4.63,BO,1730086076
511,kijang,35.2442,129.2139,17.85,73,100,6.46,KR,1730086077
512,dizangue,3.7667,9.9833,23.72,98,86,0.85,CM,1730086078
513,araguaina,-7.1911,-48.2072,27.02,48,7,1.4,BR,1730085855
514,gaspe,48.8334,-64.4819,-0.88,74,20,4.63,CA,1730086080
515,rikaze,29.25,88.8833,9.76,10,0,0.54,CN,1730086082
516,envira,-7.3,-70.2167,23.52,95,100,0.92,BR,1730086083
517,punta cardon,11.6581,-70.215,28.7,82,97,11.59,VE,1730086084
518,suva,-18.1416,178.4415,28.71,74,75,3.6,FJ,1730086085
519,coxim,-18.5067,-54.76,27.0,66,94,0.66,BR,1730085803
520,west plains,36.7281,-91.8524,12.37,74,0,0.45,US,1730086088
521,new norfolk,-42.7826,147.0587,16.62,38,70,5.25,AU,1730086089
522,sinabang,2.4803,96.3801,29.02,71,56,1.29,ID,1730086090
523,nabire,-3.3667,135.4833,30.16,67,56,3.4,ID,1730086091
524,konarka,19.9,86.1167,28.73,75,38,3.39,IN,1730086092
525,canutama,-6.5339,-64.3831,23.22,92,91,0.88,BR,1730086093
526,airway heights,47.6446,-117.5933,8.75,66,75,4.63,US,1730086094
527,bayanhongor,46.7167,100.1167,-6.0,79,11,0.33,MN,1730086095
528,opuwo,-18.0607,13.84,15.25,29,0,2.33,NA,1730086097
529,mount gambier,-37.8333,140.7667,17.07,46,51,4.26,AU,1730086099
530,margate,51.3813,1.3862,12.61,90,100,0.45,GB,1730086100
531,arenapolis,-14.4503,-56.8461,23.64,85,99,0.6,BR,1730086101
532,wynyard,-41.0,145.7167,17.88,53,44,1.79,AU,1730086102
533,rio grande,-32.035,-52.0986,15.98,76,0,4.33,BR,1730086103
534,karema,-6.8205,30.4389,20.87,86,66,1.16,TZ,1730086104
535,playa del ingles,27.7567,-15.5787,19.86,76,3,2.84,ES,1730086088
536,nikolayevsk-on-amure,53.1406,140.73,1.07,65,53,3.58,RU,1730086107
537,cromwell,41.5951,-72.6454,6.73,65,0,1.54,US,1730086108
538,aripuana,-9.1667,-60.6333,22.42,99,100,1.26,BR,1730086109
539,alaghsas,17.0187,8.0168,24.06,19,0,4.32,NE,1730086110
540,qingquan,30.4511,115.2559,21.42,43,100,0.61,CN,1730086111
541,chonchi,-42.6128,-73.8092,8.4,96,9,1.19,CL,1730086113
542,kalemie,-5.9475,29.1947,20.93,85,100,0.89,CD,1730086114
543,skeldon,5.8833,-57.1333,26.74,83,87,3.94,GY,1730086115
544,turpan,42.9333,89.1667,18.55,29,20,1.24,CN,1730086116
545,shamgarh,24.1833,75.6333,24.9,44,94,1.64,IN,1730086117
546,feurs,45.7399,4.2271,12.17,88,10,0.91,FR,1730086119
547,amga,60.8953,131.9608,-14.64,86,96,0.26,RU,1730086122
548,puerto quijarro,-17.7833,-57.7667,23.07,94,59,0.35,BO,1730086123
549,leer,53.2316,7.461,9.41,96,100,3.44,DE,1730086124
550,port macquarie,-31.4333,152.9167,27.82,36,0,1.34,AU,1730086125
551,revda,56.801,59.9303,-1.03,88,100,2.62,RU,1730086126
552,camapua,-19.5314,-54.0439,22.79,86,58,1.3,BR,1730086127
553,leirvik,59.7798,5.5005,10.35,78,96,5.82,NO,1730086128
554,madalena,41.2162,-8.3345,11.97,97,32,1.41,PT,1730086130
555,yung shue wan,22.2333,114.1167,26.49,67,73,0.45,HK,1730086131
556,formosa do rio preto,-11.0483,-45.1931,25.25,42,26,0.83,BR,1730086132
557,pimentel,-6.8367,-79.9342,18.16,82,0,5.14,PE,1730086133
558,vila velha,-20.3297,-40.2925,22.97,83,100,4.63,BR,1730086135
559,chengzihe,45.3333,131.0667,6.1,66,12,3.82,CN,1730086136
560,vallenar,-28.5708,-70.7581,19.12,55,0,1.29,CL,1730086139
561,zarghun shahr,32.8473,68.4457,9.75,26,0,2.84,AF,1730086140
562,punta cana,18.5818,-68.4043,26.87,94,40,4.12,DO,1730085991
563,dzhankoy,45.7167,34.4,8.99,92,6,2.9,UA,1730086142
564,lesparre-medoc,45.3,-0.9333,11.1,94,0,0.89,FR,1730086143
565,xiangxiang,27.7333,112.5333,20.13,56,100,3.68,CN,1730086144
566,inarajan village,13.2736,144.7484,31.33,75,100,4.52,GU,1730086145
567,magadan,59.5667,150.8,-6.69,43,38,3.13,RU,1730086000
568,awjilah,29.1081,21.2869,18.17,52,57,2.14,LY,1730086148
569,ust-tsilma,65.441,52.1498,-0.07,94,33,1.99,RU,1730086149
570,el bauga,18.262,33.9081,25.02,30,3,4.48,SD,1730086150
571,canhotinho,-8.8822,-36.1911,20.32,94,73,2.75,BR,1730086151
572,tidjikja,18.5564,-11.4271,23.99,33,100,4.5,MR,1730086152
573,brokopondo,4.75,-55.1667,25.88,76,78,4.3,SR,1730086153
574,las palmas de gran canaria,28.0997,-15.4134,20.07,77,20,6.17,ES,1730086154
575,kulhudhuffushi,6.6221,73.07,27.56,78,100,7.83,MV,1730086155
